Id,Name
2,nhat
1,quangnhat
1,nam
1,nam
2,quangthoi
454,asas
487,Tai
545,Tai
44,a
4,a
4,a
72,hao
6454,assad
6454,assad
45,tai
23,a
33334,555555
888,999
4444,gggg
3333334,adasd
6173612,huhu
78217983,sdjashd
6817361,sdadas
4837579,1231290
81863176,aansbdma
82734723,
3123,432432
123,aaaa
2e31,q3123
22,44
1,Tai
23,Tai
12,Tai
123,TAUUUUU
212,HUHU
121,TRAA
121,TRAA
1,TYYYYYY
121,TRRR
1111,TROOOOOO
21876321,AAA
111,aa
2222,4444
